S_no,Gender,Degree,Specialization,CGPA,marks_12,Company_Placed,Package,Speaking,Extra_Curricular,Internship_Experience,Python,Java,C,CPP,DBMS,OOPS,Data_Structures,SQL,Operating_Systems,Data_Communication_and_Computer_Networks,Machine_Learning,Deep_Learning,Mobile_App_Development,Web_App_Development
1,Male,B.E/B.Tech,CSE,8.94,98.6,Mathworks,15.5,8,6,Yes,9,5,8,6,7,8,7,9,6,5,7,4,4,9
2,Male,B.E/B.Tech,CSE,8.43,82.6,JP Morgan Chase,14,9,8,Yes,9,5,8,5,7,8,8,9,7,5,7,5,7,6
3,Female,B.E/B.Tech,CSE,8.2,97,JP Morgan Chase,14,10,8,Yes,8,5,7,4,7,7,8,7,6,4,7,5,0,7
4,Female,B.E/B.Tech,CSE,9.3,98.7,JP Morgan Chase,14,8,7,Yes,8,6,8,5,9,9,8,9,8,7,7,6,3,8
5,Female,B.E/B.Tech,CSE,8.89,98.6,JP Morgan Chase,14,7,6,Yes,9,5,8,6,8,9,8,8,7,6,5,4,0,7
6,Female,B.E/B.Tech,CSE,7.61,96.2,Cognizant GenC,4,2,1,No,4,2,4,2,2,3,1,3,2,2,3,0,0,3
7,Female,B.E/B.Tech,CSE,9.16,97.2,JP Morgan Chase,14,8,5,Yes,7,4,8,5,7,9,8,7,6,4,7,5,0,7
8,Female,B.E/B.Tech,CSE,7.86,98,PwC Acceleration Center,6,4,3,No,5,2,5,0,4,5,3,5,4,2,4,0,0,5
9,Female,B.E/B.Tech,CSE,8.73,98.3,Advance Auto Parts,9,6,6,Yes,7,5,7,4,7,6,6,7,5,3,6,2,0,7
10,Female,B.E/B.Tech,CSE,8.2,96.4,JP Morgan Chase,14,8,8,Yes,8,4,6,2,7,8,6,8,5,3,6,5,8,5
11,Female,B.E/B.Tech,CSE,9.32,99,Barclays,12.73,10,8,Yes,8,5,9,6,8,9,8,7,6,6,7,6,0,7
12,Female,B.E/B.Tech,CSE,8.75,97.7,Barclays,12.73,8,6,Yes,9,6,8,6,8,9,8,8,7,7,6,5,0,8
13,Female,B.E/B.Tech,CSE,7.08,90,Wipro,3.6,2,3,No,3,0,4,0,4,3,2,3,3,1,3,0,0,4
14,Female,B.E/B.Tech,CSE,8.41,98.2,Micron (EPS),9.1,8,5,Yes,7,3,7,4,6,7,6,8,6,4,7,2,7,5
15,Female,B.E/B.Tech,CSE,8.96,98.7,Accolite,8,6,4,No,6,2,6,6,7,6,6,6,5,4,6,2,0,6
16,Female,B.E/B.Tech,CSE,8.42,97,Accenture (ASE),4.5,4,4,No,5,4,6,0,5,6,5,7,6,4,5,2,0,6
17,Female,B.E/B.Tech,CSE,6.65,90.4,Cognizant GenC,4,4,3,No,4,2,5,0,4,4,3,4,4,3,2,0,0,4
18,Female,B.E/B.Tech,CSE,8.62,94,JP Morgan Chase,14,10,8,Yes,9,5,8,4,6,8,6,8,7,6,8,6,2,7
19,Female,B.E/B.Tech,CSE,9.01,97,Micron (ETD),8.1,6,5,No,7,4,8,2,7,6,6,8,6,5,6,4,0,7
20,Female,B.E/B.Tech,CSE,8.37,96,Modak Analytics,6,6,3,No,4,2,6,4,6,5,5,6,5,4,4,0,0,6
21,Female,B.E/B.Tech,CSE,8.19,97.6,Accenture (ASE),4.5,3,3,No,4,0,4,0,3,4,2,4,4,3,3,1,0,4
22,Female,B.E/B.Tech,CSE,8.46,97,LTI (Level 2),6.5,5,2,No,6,2,6,2,6,5,4,6,5,3,5,2,0,6
23,Female,B.E/B.Tech,CSE,9.12,97.7,JP Morgan Chase,14,8,6,No,9,6,8,4,8,8,6,8,7,7,8,4,4,8
24,Male,B.E/B.Tech,CSE,8.52,95.7,Advance Auto Parts,9,7,8,Yes,8,4,8,7,6,8,6,6,6,5,6,4,3,6
25,Male,B.E/B.Tech,CSE,8.78,97,JP Morgan Chase,14,8,7,Yes,10,6,8,6,9,9,9,9,8,6,9,6,8,6
26,Male,B.E/B.Tech,CSE,8.14,96.7,JP Morgan Chase,14,8,5,Yes,8,4,7,5,5,7,6,7,5,5,5,6,6,7
27,Male,B.E/B.Tech,CSE,7.95,91.9,Keka,7,6,2,No,6,0,6,0,5,4,2,5,5,4,5,0,0,6
28,Male,B.E/B.Tech,CSE,7.9,98.7,Advance Auto Parts,9,6,3,Yes,5,3,4,2,7,6,4,5,5,2,4,3,0,6
29,Male,B.E/B.Tech,CSE,7.53,94.4,LTI (Level 2),6.5,4,1,No,6,2,5,2,6,5,4,5,5,2,6,0,0,5
30,Male,B.E/B.Tech,CSE,8.16,97.8,Darwin Box (Internship),13,6,5,Yes,8,0,8,4,7,6,5,7,5,6,5,2,7,5
31,Male,B.E/B.Tech,CSE,7.41,97.9,Infosys (DSE),5,5,6,Yes,3,0,3,0,5,4,2,3,3,2,4,0,0,4
32,Male,B.E/B.Tech,CSE,8.02,98,LTI (Level 1),5,4,2,No,3,0,4,0,3,4,5,2,2,2,3,0,2,3
33,Male,B.E/B.Tech,CSE,8.47,96.4,Oracle (GBU),16.6,6,6,Yes,8,6,6,2,6,7,6,7,6,4,6,0,7,6
34,Male,B.E/B.Tech,CSE,8.34,96.7,Accenture (Adv ASE),6.5,4,5,No,7,0,4,0,6,5,4,5,4,3,5,0,0,5
35,Male,B.E/B.Tech,CSE,8.12,98.9,Modak Analytics,6,4,2,No,6,2,6,0,3,4,5,4,4,3,3,0,0,4
36,Male,B.E/B.Tech,CSE,7.12,96.3,Modak Analytics,6,4,0,No,6,0,5,2,4,3,3,4,5,2,2,2,0,3
37,Male,B.E/B.Tech,CSE,7.74,96.7,Darwin Box (Internship),13,6,5,Yes,6,4,7,4,8,7,6,6,6,2,5,5,2,7
38,Male,B.E/B.Tech,CSE,8.64,97.5,Capgemini (Sr.Analyst),7.5,6,2,Yes,6,2,7,1,5,6,5,6,5,4,5,2,3,6
39,Male,B.E/B.Tech,CSE,9.22,97.6,JP Morgan Chase,14,9,6,Yes,8,4,8,7,9,8,8,7,6,5,7,6,4,8
40,Male,B.E/B.Tech,CSE,8.26,95.7,Barclays,12.75,6,6,No,8,4,7,7,6,8,6,7,6,5,4,5,8,4
41,Male,B.E/B.Tech,CSE,8.13,96,Oracle (GBU),16.6,10,10,Yes,6,6,6,2,6,7,6,8,8,4,6,2,4,7
42,Male,B.E/B.Tech,CSE,8.4,96.7,HD Works,12,6,4,Yes,6,4,6,2,6,6,4,7,6,2,7,3,1,6
43,Male,B.E/B.Tech,CSE,8.72,97,Oracle (FSGBU),16.6,6,4,Yes,8,4,9,6,8,9,8,7,6,6,7,3,0,7
44,Male,B.E/B.Tech,CSE,7.33,96.7,Capgemini (Analyst),4,3,2,No,3,1,3,0,4,2,3,3,2,2,4,0,0,4
45,Male,B.E/B.Tech,CSE,8.39,98.3,Deloitte (Tax),7.6,8,6,Yes,5,4,6,0,5,4,5,6,5,4,5,4,0,5
46,Male,B.E/B.Tech,CSE,8.57,97.2,Oracle (FSGBU),16.6,8,6,Yes,9,6,8,0,7,8,6,7,7,5,6,5,0,8
47,Male,B.E/B.Tech,CSE,8.94,98.6,Mathworks,15.5,8,7,Yes,6,4,9,5,6,6,7,6,5,4,7,4,4,8
48,Male,B.E/B.Tech,CSE,8.85,97.8,Barclays,12.75,6,3,Yes,8,4,6,0,6,6,6,7,6,5,4,6,0,7
49,Male,B.E/B.Tech,CSE,8.27,97.6,Infosys (SE),4,4,0,No,4,0,6,0,3,4,2,5,4,1,2,0,0,3
50,Male,B.E/B.Tech,CSE,9.18,98.8,Care Allianz,11,8,3,Yes,6,2,6,2,6,8,6,7,6,4,7,6,0,7
51,Male,B.E/B.Tech,CSE,8.35,97.2,Darwin Box (Internship),13,7,3,Yes,8,4,6,0,6,6,6,6,6,6,7,5,2,5
52,Male,B.E/B.Tech,CSE,8.46,82.6,JP Morgan Chase,14,8,9,Yes,8,2,8,3,7,7,7,8,6,5,7,4,4,4
53,Male,B.E/B.Tech,CSE,7.82,79.4,Capgemini (Sr.Analyst),7.5,5,5,Yes,6,2,6,2,6,7,4,5,6,4,3,0,3,5
54,Female,B.E/B.Tech,CSE,8.58,85.2,Collins Aerospace (Internship),6.25,6,2,No,4,2,5,2,6,5,4,5,4,4,5,0,0,3
55,Female,B.E/B.Tech,CSE,9.06,94.7,LTI (Level 1),5,4,4,No,4,0,4,0,5,2,2,5,2,2,2,0,0,4
56,Female,B.E/B.Tech,CSE,8.12,94,JP Morgan Chase,14,6,6,Yes,6,4,4,4,6,4,6,6,7,6,4,3,5,7
57,Female,B.E/B.Tech,CSE,7.3,84.78,TCS,3.6,2,0,No,4,0,5,0,4,3,1,3,4,2,2,0,0,3
58,Female,B.E/B.Tech,CSE,7.2,80,Cognizant GenC,5,3,2,No,3,0,5,0,4,5,2,2,3,2,1,0,0,4
59,Male,B.E/B.Tech,CSE,7.61,79.2,Mindtree,4,4,2,No,5,2,4,0,3,4,2,3,4,2,4,2,0,2
60,Male,B.E/B.Tech,CSE,7.86,98,PwC Acceleration Center,6,6,4,No,5,2,5,0,5,6,4,4,3,2,5,2,1,2
61,Male,B.E/B.Tech,CSE,7.2,98.7,TCS,3.6,1,2,No,4,3,2,1,3,3,2,3,2,1,3,4,5,3
62,Female,B.E/B.Tech,CSE,7.45,97,Mindtree,4,2,2,No,3,2,2,3,2,1,5,3,2,1,1,2,3,3
63,Male,B.E/B.Tech,CSE,7.1,90.4,TCS,3.6,3,2,No,4,2,3,5,4,2,3,2,1,1,1,2,3,4
64,Female,B.E/B.Tech,CSE,7.3,94,TCS,3.6,3,1,No,3,4,2,3,2,3,3,2,4,2,3,0,2,3
65,Male,B.E/B.Tech,CSE,7.6,97,Mindtree,4,4,2,No,2,3,6,2,3,4,5,3,2,2,4,1,1,1
66,Female,B.E/B.Tech,CSE,7.56,96,TCS,3.6,2,3,No,2,3,5,2,4,3,5,2,3,3,4,2,2,2
67,Male,B.E/B.Tech,CSE,7.22,97.6,TCS,3.6,4,3,Yes,5,3,4,3,4,3,2,5,4,3,2,0,1,2
68,Female,B.E/B.Tech,CSE,7,97,Mindtree,4,3,3,No,4,2,4,4,2,2,4,3,5,2,1,0,2,3
69,Male,B.E/B.Tech,CSE,7.01,97.7,TCS,3.6,3,2,No,4,2,4,2,1,3,4,5,4,2,3,0,2,3
70,Female,B.E/B.Tech,CSE,7.08,95.7,TCS,3.6,4,3,No,2,2,3,2,1,2,3,4,2,3,4,2,3,2
71,Male,B.E/B.Tech,CSE,7.65,97,Mindtree,4,3,2,No,5,3,6,2,1,0,2,0,1,1,3,3,5,2
72,Male,B.E/B.Tech,CSE,7.66,96.7,TCS,3.6,5,4,Yes,5,0,4,0,2,3,2,4,2,3,4,3,2,1
73,Female,B.E/B.Tech,CSE,7.98,91.9,Mindtree,4,3,4,No,3,2,3,4,2,3,4,1,3,2,3,4,3,2
74,Female,B.E/B.Tech,CSE,6.8,98.7,TCS,3.6,4,2,No,3,0,4,2,1,3,5,4,3,1,3,2,3,0
75,Male,B.E/B.Tech,CSE,6.9,94.4,Mindtree,4,3,3,No,3,3,5,2,2,3,3,4,2,3,4,2,3,0
76,Female,B.E/B.Tech,CSE,6.98,97.8,Mindtree,4,6,2,Yes,3,3,3,1,3,3,2,3,2,1,2,4,3,4
77,Male,B.E/B.Tech,CSE,6.65,97.9,Mindtree,4,5,3,No,3,1,2,3,1,2,3,4,3,2,1,3,1,2
78,Female,B.E/B.Tech,CSE,7.12,98,TCS,3.6,3,2,No,3,2,4,1,2,5,1,2,3,1,3,2,3,2
79,Female,B.E/B.Tech,CSE,7.45,96.4,PwC Acceleration Center,6,6,4,No,4,2,5,4,2,3,4,6,2,5,6,2,3,3
80,Female,B.E/B.Tech,CSE,7.35,96.7,PwC Acceleration Center,6,5,4,Yes,6,2,5,5,3,2,4,2,3,2,4,3,3,2
81,Male,B.E/B.Tech,CSE,7.35,98.9,Cognizant GenC,5,4,4,No,4,2,4,4,5,4,3,2,3,2,3,4,5,5
82,Male,B.E/B.Tech,CSE,7.56,96.3,Cognizant GenC,5,5,6,No,5,4,5,6,7,2,2,3,4,6,6,5,5,3
83,Male,B.E/B.Tech,CSE,7.8,96.7,Cognizant GenC,5,7,4,Yes,3,2,5,4,6,8,5,3,2,1,4,3,2,4
84,Male,B.E/B.Tech,CSE,7.89,97.5,PwC Acceleration Center,6,8,7,No,5,2,5,4,3,3,4,6,4,2,4,2,2,2
85,Female,B.E/B.Tech,CSE,7.9,97.6,Advance Auto Parts,9,8,7,Yes,6,5,7,3,3,5,5,6,7,3,2,0,7,6
86,Female,B.E/B.Tech,CSE,8.01,95.7,Care Allianz,11,7,5,Yes,7,3,7,5,4,3,6,7,5,3,5,5,5,7
87,Female,B.E/B.Tech,CSE,8.2,96,Advance Auto Parts,9,8,4,No,8,5,8,6,5,6,2,7,4,5,8,6,9,5
88,Female,B.E/B.Tech,CSE,7.1,96.7,Care Allianz,11,6,5,Yes,6,6,6,6,6,6,5,6,6,4,6,5,6,4
89,Male,B.E/B.Tech,CSE,7.89,97,Advance Auto Parts,9,7,6,No,7,3,8,3,5,6,7,4,6,5,5,5,5,5
90,Male,B.E/B.Tech,CSE,7.99,96.7,Advance Auto Parts,9,6,5,No,8,6,6,5,4,3,7,8,6,5,9,8,5,7
91,Male,B.E/B.Tech,CSE,8.45,98.3,Care Allianz,11,7,7,Yes,8,5,5,6,7,5,3,9,9,5,7,7,7,7
92,Female,B.E/B.Tech,CSE,8.56,97.2,Care Allianz,11,9,9,No,9,8,5,6,8,8,8,6,4,3,5,6,4,7
93,Male,B.E/B.Tech,CSE,8.55,98.6,Advance Auto Parts,9,8,8,No,8,6,7,5,8,8,5,6,7,4,6,5,7,5
94,Female,B.E/B.Tech,CSE,8.45,97.8,Care Allianz,11,9,5,Yes,7,4,7,4,7,6,5,6,7,3,5,6,7,2
95,Male,B.E/B.Tech,CSE,8.65,97.6,Advance Auto Parts,9,10,9,Yes,8,9,8,6,6,6,6,8,7,5,5,6,5,6
96,Female,B.E/B.Tech,CSE,8.25,98.8,Advance Auto Parts,9,9,6,No,7,5,6,5,5,4,6,7,5,4,9,7,9,7
97,Male,B.E/B.Tech,CSE,8.22,97.2,Care Allianz,11,8,7,No,6,4,7,5,5,4,5,6,6,4,6,5,6,6
98,Female,B.E/B.Tech,CSE,7.8,82.6,Care Allianz,11,7,7,Yes,5,3,6,5,7,8,7,6,6,3,7,2,7,5
99,Male,B.E/B.Tech,CSE,7.65,79.4,Advance Auto Parts,9,6,5,Yes,7,5,7,6,8,4,6,5,7,7,8,3,9,5
100,Female,B.E/B.Tech,CSE,98,85.2,Care Allianz,11,8,6,No,8,5,7,5,8,5,8,8,6,6,9,7,5,9
101,Male,B.E/B.Tech,CSE,9.23,92.35,Oracle (GBU),16.6,7,6,Yes,8,8,6,7,7,8,8,8,8,7,6,9,7,6
102,Female,B.E/B.Tech,CSE,8.19,91.65,Infosys (SE),4,6,0,No,5,2,3,2,4,4,1,3,3,6,4,1,5,4
103,Male,B.E/B.Tech,CSE,8.34,87.35,Infosys (DSE),5,3,4,No,5,5,5,5,4,5,2,6,1,2,3,1,7,5
104,Male,B.E/B.Tech,CSE,9.06,93.02,Barclays,12.75,8,3,Yes,9,10,7,9,6,8,6,7,10,8,8,5,6,5
105,Female,B.E/B.Tech,CSE,8.78,96.18,Micron (EPS),9.1,10,5,Yes,6,5,5,4,7,6,5,9,10,4,6,5,8,7
106,Female,B.E/B.Tech,CSE,8.05,90.62,HD Works,12,5,4,Yes,10,9,7,4,9,6,7,6,5,4,8,5,5,10
107,Female,B.E/B.Tech,CSE,7.66,95.6,Keka,7,9,2,No,6,3,5,4,7,3,6,6,7,5,6,6,5,6
108,Male,B.E/B.Tech,CSE,8.48,92.99,Micron (EPS),9.1,8,10,No,7,6,8,5,7,8,7,6,5,5,8,6,5,5
109,Male,B.E/B.Tech,CSE,7.97,96.02,Capgemini (Sr.Analyst),7.5,6,0,Yes,7,6,7,6,5,4,5,6,7,4,5,4,4,3
110,Female,B.E/B.Tech,CSE,8.82,88.04,Advance Auto Parts,9,2,3,Yes,6,8,7,5,5,5,7,5,7,4,5,4,6,7
111,Male,B.E/B.Tech,CSE,8.97,88.56,Oracle (FSGBU),16.6,9,5,No,8,9,7,10,9,7,7,7,6,6,6,2,8,7
112,Male,B.E/B.Tech,CSE,9.06,86.4,Infosys (SE),4,1,3,No,4,1,4,0,4,3,4,3,3,3,1,1,5,3
113,Male,B.E/B.Tech,CSE,7.35,89.53,HD Works,12,6,5,No,7,6,5,5,9,5,9,10,9,8,8,5,9,9
114,Female,B.E/B.Tech,CSE,9.31,86.04,Barclays,12.75,6,8,Yes,8,10,5,9,5,7,9,7,6,8,7,4,6,9
115,Female,B.E/B.Tech,CSE,7.21,86.16,Keka,7,6,4,No,5,6,6,6,5,4,5,4,4,3,5,4,4,5
116,Male,B.E/B.Tech,CSE,7.79,90.58,Advance Auto Parts,9,7,9,Yes,8,7,8,5,6,8,7,7,9,4,7,6,5,10
117,Female,B.E/B.Tech,CSE,7.43,85.27,Accenture (Adv ASE),6.5,6,2,No,7,2,5,7,8,3,4,8,4,2,1,2,5,2
118,Female,B.E/B.Tech,CSE,8.03,93.45,Advance Auto Parts,9,5,5,Yes,6,4,7,8,5,7,5,6,6,4,5,4,5,4
119,Female,B.E/B.Tech,CSE,8.49,93.64,JP Morgan Chase,14,5,8,Yes,8,9,10,7,7,7,8,5,6,4,7,6,6,10
120,Female,B.E/B.Tech,CSE,7.47,86.72,Care Allianz,11,10,3,Yes,7,6,6,9,8,6,8,7,9,5,8,6,5,6
121,Female,B.E/B.Tech,CSE,7.95,94.52,Care Allianz,11,8,5,Yes,7,6,7,8,9,6,6,7,8,6,7,6,5,7
122,Female,B.E/B.Tech,CSE,8.83,92.18,Advance Auto Parts,9,7,4,Yes,9,6,9,6,7,6,7,6,7,5,8,6,7,5
123,Female,B.E/B.Tech,CSE,7.67,85.08,Capgemini (Analyst),4,5,2,No,3,0,4,5,4,3,3,5,2,3,4,1,1,0
124,Male,B.E/B.Tech,CSE,8.34,85.13,Care Allianz,11,5,5,Yes,7,7,8,5,6,7,6,7,7,6,5,5,8,5
125,Female,B.E/B.Tech,CSE,8.12,94.18,Infosys (SE),4,1,1,No,4,3,4,2,4,2,4,5,4,2,3,3,3,3
126,Female,B.E/B.Tech,CSE,7.65,96.41,Micron (EPS),9.1,7,7,Yes,6,5,7,7,5,6,6,7,5,5,7,6,7,5
127,Female,B.E/B.Tech,CSE,7.65,89.86,Micron (EPS),9.1,9,5,Yes,7,8,6,5,5,8,7,7,6,6,6,6,5,6
128,Male,B.E/B.Tech,CSE,7.3,93.22,Modak Analytics,6,3,5,No,6,5,6,5,5,3,3,6,6,5,1,2,6,6
129,Male,B.E/B.Tech,CSE,7.39,91.69,Care Allianz,11,6,4,Yes,8,7,8,7,6,7,5,8,7,6,7,6,6,7
130,Male,B.E/B.Tech,CSE,7.62,94.59,Care Allianz,11,5,7,Yes,7,6,6,7,8,7,7,5,6,5,6,7,6,7
131,Male,B.E/B.Tech,CSE,8.41,85.47,Micron (EPS),9.1,6,5,Yes,7,7,6,6,7,6,5,7,6,4,5,6,7,6
132,Male,B.E/B.Tech,CSE,7.85,85.27,HD Works,12,6,7,Yes,10,10,7,8,9,7,9,9,8,4,8,5,5,8
133,Female,B.E/B.Tech,CSE,8.48,94.71,Advance Auto Parts,9,7,7,Yes,6,7,6,5,6,5,7,6,5,4,8,4,5,6
134,Female,B.E/B.Tech,CSE,7.97,88.52,Darwin Box (Internship),13,6,10,Yes,8,6,9,9,7,7,9,7,6,5,7,6,7,7
135,Male,B.E/B.Tech,CSE,8.17,86.35,PwC Acceleration Center,6,5,6,No,6,4,6,7,5,5,5,6,2,3,3,2,1,5
136,Male,B.E/B.Tech,CSE,9.01,89.74,Micron (EPS),9.1,6,5,Yes,7,5,6,6,7,6,5,6,5,3,6,5,10,6
137,Female,B.E/B.Tech,CSE,7.79,90.45,Darwin Box (Internship),13,7,10,Yes,8,7,6,8,6,8,5,6,8,5,5,6,7,6
138,Male,B.E/B.Tech,CSE,7.82,95.69,Accenture (Adv ASE),6.5,3,5,No,7,6,5,0,8,6,4,7,4,2,7,4,3,6
139,Female,B.E/B.Tech,CSE,9.01,89.81,Modak Analytics,6,4,3,No,6,6,5,7,6,4,5,4,3,2,5,4,4,3
140,Female,B.E/B.Tech,CSE,8.53,94.59,Mathworks,15.5,10,10,Yes,7,10,6,6,5,10,8,9,7,5,5,5,9,5
141,Male,B.E/B.Tech,CSE,8.32,89.42,Care Allianz,11,5,6,Yes,6,10,7,7,8,5,5,8,6,5,7,6,6,8
142,Female,B.E/B.Tech,CSE,9.11,94.72,Care Allianz,11,6,4,Yes,8,9,6,6,4,7,6,6,8,3,5,5,9,6
143,Female,B.E/B.Tech,CSE,7.88,91.23,JP Morgan Chase,14,6,9,Yes,7,9,7,9,6,7,6,7,10,4,7,6,6,7
144,Male,B.E/B.Tech,CSE,7.37,89.01,Accenture (Adv ASE),6.5,6,6,No,5,6,6,5,5,4,3,6,2,2,6,3,5,4
145,Female,B.E/B.Tech,CSE,9.15,93.93,Care Allianz,11,10,6,Yes,6,6,7,5,7,7,6,6,7,6,6,5,6,7
146,Male,B.E/B.Tech,CSE,7.9,92.85,Mindtree,4,3,2,No,2,5,4,3,4,2,3,5,4,1,3,1,0,3
147,Male,B.E/B.Tech,CSE,7.53,92.61,Micron (EPS),9.1,5,4,Yes,6,5,6,6,6,7,6,7,8,5,7,6,5,8
148,Male,B.E/B.Tech,CSE,8.68,95.24,Capgemini (Analyst),4,3,3,No,4,3,5,1,4,3,1,3,4,3,3,3,6,3
149,Female,B.E/B.Tech,CSE,7.59,86.93,Keka,7,5,3,Yes,5,5,4,4,5,3,3,4,4,4,4,3,1,6
150,Female,B.E/B.Tech,CSE,7.87,86.82,Micron (EPS),9.1,10,7,No,7,7,8,7,7,6,7,7,6,4,5,6,6,7
151,Female,B.E/B.Tech,CSE,8.12,90.46,HD Works,12,6,7,Yes,7,9,10,8,8,7,5,6,10,4,5,6,6,4
152,Male,B.E/B.Tech,CSE,7.91,95.41,Capgemini (Analyst),4,2,3,No,6,3,6,3,3,4,1,3,4,2,4,3,4,5
153,Male,B.E/B.Tech,CSE,7.66,91.18,HD Works,12,9,8,No,8,10,10,6,7,8,5,8,10,5,6,6,8,6
154,Male,B.E/B.Tech,CSE,8.47,90,Advance Auto Parts,9,7,6,No,8,8,10,6,6,5,6,7,6,5,8,6,7,9
155,Male,B.E/B.Tech,CSE,8.45,93.91,Mathworks,15.5,10,6,Yes,8,10,6,7,6,8,8,7,6,5,6,5,7,6
156,Female,B.E/B.Tech,CSE,7.7,89.18,Modak Analytics,6,1,3,Yes,6,4,5,1,5,3,5,5,6,3,5,4,3,6
157,Male,B.E/B.Tech,CSE,8.77,86.24,Micron (EPS),9.1,6,5,Yes,5,7,8,6,5,6,8,6,7,3,4,5,6,7
158,Male,B.E/B.Tech,CSE,7.94,90.88,Infosys (SE),4,4,1,No,4,4,3,3,3,4,2,4,4,2,0,1,3,2
159,Male,B.E/B.Tech,CSE,7.57,88.53,Advance Auto Parts,9,6,9,No,10,6,8,7,5,8,7,7,7,4,6,5,7,7
160,Male,B.E/B.Tech,CSE,8.71,96.05,Barclays,12.75,5,7,Yes,7,6,9,9,6,7,7,10,9,5,8,6,7,6
161,Male,B.E/B.Tech,CSE,8.19,90.59,Mindtree,4,4,2,No,4,0,4,3,4,2,2,4,3,2,3,3,1,2
162,Female,B.E/B.Tech,CSE,8.93,93.59,Accenture (Adv ASE),6.5,7,5,No,5,6,4,2,6,3,6,5,4,3,5,3,6,5
163,Female,B.E/B.Tech,CSE,7.88,90.36,Collins Aerospace (Internship),6.25,6,3,Yes,6,6,7,4,3,5,4,5,5,3,5,4,4,5
164,Female,B.E/B.Tech,CSE,9.21,96.32,Cognizant GenC,5,7,4,No,6,3,5,2,3,5,3,4,4,3,3,3,4,4
165,Male,B.E/B.Tech,CSE,9.26,87.39,Micron (EPS),9.1,7,7,Yes,9,6,7,6,6,7,5,6,6,4,5,6,5,7
166,Female,B.E/B.Tech,CSE,8.32,93.17,Deloitte (Tax),7.6,9,10,No,6,3,7,5,6,7,6,7,6,3,5,5,6,4
167,Female,B.E/B.Tech,CSE,9.04,89.54,JP Morgan Chase,14,9,6,Yes,7,7,6,10,6,7,7,10,7,5,6,7,6,8
168,Female,B.E/B.Tech,CSE,7.93,85.16,Micron (EPS),9.1,6,6,No,6,6,6,5,5,7,5,7,6,3,7,6,7,6
169,Male,B.E/B.Tech,CSE,7.64,97.22,Infosys (DSE),5,3,1,No,4,3,4,3,4,3,3,4,5,3,4,2,3,5
170,Male,B.E/B.Tech,CSE,8.76,85.82,Micron (EPS),9.1,5,7,Yes,8,5,7,6,7,7,7,6,6,3,6,5,6,7
171,Male,B.E/B.Tech,CSE,8.92,95.19,HD Works,12,10,9,Yes,7,8,7,10,8,6,7,7,6,5,7,6,10,8
172,Male,B.E/B.Tech,CSE,8.01,91.35,Deloitte (Tax),7.6,7,7,Yes,5,6,7,6,5,5,5,6,7,3,7,5,5,5
173,Male,B.E/B.Tech,CSE,7.55,85.45,Care Allianz,11,5,6,Yes,7,6,8,7,2,7,5,6,7,5,7,5,8,6
174,Male,B.E/B.Tech,CSE,9.26,85.55,Mathworks,15.5,9,7,Yes,7,7,9,6,7,7,6,10,9,5,8,7,6,9
175,Male,B.E/B.Tech,CSE,9.35,86.75,Cognizant GenC,5,1,2,No,5,4,5,1,3,4,3,4,2,1,2,2,5,5
176,Male,B.E/B.Tech,CSE,7.26,85.18,Care Allianz,11,8,9,Yes,9,5,8,6,6,6,5,6,7,3,7,6,6,8
177,Male,B.E/B.Tech,CSE,8.81,86.77,Cognizant GenC,5,2,2,No,5,3,4,3,4,5,2,6,3,2,4,0,5,4
178,Male,B.E/B.Tech,CSE,8.22,89.81,Micron (EPS),9.1,5,7,No,8,7,9,6,6,8,5,6,5,4,5,5,7,8
179,Male,B.E/B.Tech,CSE,7.79,88.48,Micron (EPS),9.1,5,6,No,5,6,7,5,8,5,4,7,7,5,5,4,7,7
180,Male,B.E/B.Tech,CSE,8.25,91.89,Accolite,8,8,9,No,7,2,6,4,7,7,5,6,5,3,4,4,6,6
181,Male,B.E/B.Tech,CSE,8.37,91.07,HD Works,12,9,10,Yes,9,7,7,6,7,8,8,6,5,6,7,6,4,6
182,Male,B.E/B.Tech,CSE,9.33,86.34,Advance Auto Parts,9,5,8,No,4,8,4,6,6,6,6,8,10,5,7,7,9,7
183,Male,B.E/B.Tech,CSE,7.92,92.71,Micron (EPS),9.1,8,5,No,8,9,9,5,8,8,7,3,5,5,6,5,4,4
184,Female,B.E/B.Tech,CSE,7.35,93.35,Care Allianz,11,5,4,Yes,7,3,7,10,5,5,5,6,8,3,8,5,4,6
185,Male,B.E/B.Tech,CSE,7.21,87.38,Barclays,12.75,6,5,No,9,7,7,9,6,8,7,8,7,7,5,6,9,7
186,Male,B.E/B.Tech,CSE,7.53,87.06,Infosys (SE),4,3,3,No,3,4,3,1,3,4,3,4,3,3,3,4,4,3
187,Female,B.E/B.Tech,CSE,7.37,92.16,Cognizant GenC,5,5,1,No,4,3,6,5,3,3,4,5,4,3,4,5,3,4
188,Male,B.E/B.Tech,CSE,8.23,89.1,Micron (ETD),8.1,7,5,No,6,3,5,5,6,4,3,6,4,3,5,4,6,5
189,Male,B.E/B.Tech,CSE,8.04,88.72,Keka,7,2,2,No,4,6,6,3,4,4,5,7,6,2,5,4,5,6
190,Male,B.E/B.Tech,CSE,7.62,85.6,Accenture (ASE),4.5,6,5,No,6,4,6,2,5,5,4,6,3,3,3,3,3,4
191,Female,B.E/B.Tech,CSE,9.02,85.35,Micron (EPS),9.1,6,7,No,9,5,9,5,6,7,8,6,7,5,7,5,6,7
192,Male,B.E/B.Tech,CSE,7.66,91.79,JP Morgan Chase,14,9,9,No,8,6,8,7,9,8,9,7,8,6,8,7,7,10
193,Male,B.E/B.Tech,CSE,9.06,91.02,Mathworks,15.5,6,5,No,9,5,10,10,8,10,7,7,8,5,8,8,7,8
194,Male,B.E/B.Tech,CSE,9.07,95.14,JP Morgan Chase,14,7,6,Yes,10,10,7,6,6,7,5,7,9,5,8,7,7,7
195,Female,B.E/B.Tech,CSE,7.35,91.39,Micron (EPS),9.1,5,5,No,9,6,9,5,8,6,6,5,7,3,5,5,8,8
196,Male,B.E/B.Tech,CSE,8.98,90.53,Oracle (FSGBU),16.6,9,9,Yes,9,6,9,7,9,6,6,9,7,8,7,8,8,9
197,Male,B.E/B.Tech,CSE,8.67,91.8,Care Allianz,11,8,8,Yes,6,5,6,5,6,7,6,7,6,4,7,6,6,10
198,Male,B.E/B.Tech,CSE,7.46,86.98,Barclays,12.75,10,6,Yes,8,6,9,5,10,8,7,8,7,5,7,5,10,10
199,Female,B.E/B.Tech,CSE,8.34,91.84,Care Allianz,11,7,10,No,7,9,9,5,8,8,5,8,5,3,8,6,5,10
200,Female,B.E/B.Tech,CSE,9.08,92.5,Oracle (GBU),16.6,9,8,Yes,8,7,6,6,7,9,9,7,7,5,7,6,8,8
201,Male,B.E/B.Tech,CSE,9.22,91.38,Advance Auto Parts,9,8,5,No,10,8,8,5,8,6,6,7,7,4,7,6,6,8
202,Male,B.E/B.Tech,CSE,7.91,91.6,HD Works,12,10,8,Yes,9,7,8,6,7,8,9,9,9,5,7,8,9,7
203,Female,B.E/B.Tech,CSE,8.04,89.87,Accolite,8,4,4,No,6,5,6,5,5,6,4,6,6,3,5,3,4,6
204,Male,B.E/B.Tech,CSE,9.11,97.6,Advance Auto Parts,9,6,8,No,9,5,7,6,6,8,6,7,9,5,7,6,7,7
205,Male,B.E/B.Tech,CSE,9.1,94.53,Infosys (DSE),5,3,1,No,6,2,5,3,6,5,3,5,5,3,5,3,5,6
206,Female,B.E/B.Tech,CSE,8.69,92.95,Accenture (ASE),4.5,6,2,No,6,3,5,2,4,4,3,5,6,3,5,3,5,2
207,Male,B.E/B.Tech,CSE,9.08,91.97,Care Allianz,11,7,7,Yes,7,9,7,5,8,6,5,6,6,7,7,5,6,7
208,Male,B.E/B.Tech,CSE,7.43,89.28,Micron (EPS),9.1,6,9,No,8,7,7,4,5,5,6,7,7,5,6,6,6,8
209,Male,B.E/B.Tech,CSE,9.35,85.55,Advance Auto Parts,9,9,6,Yes,8,7,9,6,6,7,5,6,5,5,7,6,6,6
210,Male,B.E/B.Tech,CSE,7.94,92.83,TCS,3.6,3,3,No,4,2,5,2,3,4,3,3,1,0,1,1,3,3
211,Female,B.E/B.Tech,CSE,8.19,88.31,Mathworks,15.5,9,6,Yes,7,6,7,6,7,7,7,8,9,5,7,6,6,10
212,Male,B.E/B.Tech,CSE,8.23,93.07,Micron (EPS),9.1,6,5,No,6,5,6,5,6,7,6,7,7,8,7,6,6,6
213,Male,B.E/B.Tech,CSE,9.38,96.16,Micron (EPS),9.1,6,5,Yes,6,5,7,5,7,7,6,7,7,6,7,6,6,6
214,Male,B.E/B.Tech,CSE,8.82,88.27,Oracle (FSGBU),16.6,9,10,Yes,9,7,6,9,8,10,9,8,7,5,7,8,7,8
215,Male,B.E/B.Tech,CSE,9.07,91.74,Micron (ETD),8.1,5,5,No,8,6,6,7,6,5,6,7,8,4,6,6,6,5
216,Male,B.E/B.Tech,CSE,9.22,88,HD Works,12,7,8,Yes,9,6,9,10,8,4,8,7,8,8,7,6,7,10
217,Female,B.E/B.Tech,CSE,9.31,93.86,JP Morgan Chase,14,10,7,Yes,10,9,10,6,7,7,7,8,8,5,8,7,10,8
218,Female,B.E/B.Tech,CSE,8.22,85.14,PwC Acceleration Center,6,5,2,No,5,2,5,3,4,5,3,5,3,1,5,3,3,5
219,Male,B.E/B.Tech,CSE,7.3,92.67,Mathworks,15.5,9,5,Yes,8,8,6,6,7,10,7,10,7,5,8,7,8,8
220,Male,B.E/B.Tech,CSE,9.1,90.32,Wipro,3.6,3,6,No,4,3,4,0,5,8,3,4,3,2,1,4,2,3
221,Female,B.E/B.Tech,CSE,9.39,86.89,Barclays,12.75,9,7,No,7,9,6,8,7,10,7,8,8,5,8,7,9,7
222,Female,B.E/B.Tech,CSE,8.1,88.31,HD Works,12,7,5,Yes,7,8,8,6,7,8,7,6,7,6,7,6,10,8
223,Male,B.E/B.Tech,CSE,7.27,95.69,JP Morgan Chase,14,7,5,Yes,7,7,8,6,9,7,7,10,7,4,6,7,9,7
224,Male,B.E/B.Tech,CSE,7.87,89.51,Care Allianz,11,6,4,No,6,7,9,6,5,9,8,7,10,7,6,6,7,9
225,Female,B.E/B.Tech,CSE,9.14,87.13,Keka,7,4,5,No,5,3,6,3,5,4,3,5,6,3,4,5,5,5
226,Male,B.E/B.Tech,CSE,9.38,87.37,Care Allianz,11,6,5,Yes,8,7,8,6,7,6,8,8,6,3,8,6,8,6
227,Male,B.E/B.Tech,CSE,8.32,85.41,JP Morgan Chase,14,6,6,Yes,8,6,7,10,7,7,7,8,7,8,8,7,10,8
228,Male,B.E/B.Tech,CSE,8.5,94.43,Care Allianz,11,7,3,Yes,7,6,6,5,10,7,6,10,9,4,8,6,6,7
229,Male,B.E/B.Tech,CSE,7.88,92.08,Deloitte (Tax),7.6,4,6,Yes,6,4,6,4,6,7,5,7,6,3,6,4,5,5
230,Female,B.E/B.Tech,CSE,7.66,89.49,Care Allianz,11,7,9,Yes,6,5,7,6,7,6,6,7,6,5,8,6,7,6
231,Male,B.E/B.Tech,CSE,8.41,89.05,Oracle (GBU),16.6,8,10,No,8,7,8,10,9,9,8,7,10,6,9,7,7,9
232,Female,B.E/B.Tech,CSE,7.79,89.81,HD Works,12,7,5,Yes,10,10,10,10,9,6,8,7,10,5,7,6,9,6
233,Male,B.E/B.Tech,CSE,8.78,92.57,Keka,7,5,5,No,4,4,5,4,5,5,4,6,3,3,4,1,5,6
234,Female,B.E/B.Tech,CSE,7.88,87.53,LTI (Level 1),5,4,3,No,5,3,5,3,4,3,5,4,4,4,3,2,0,5
235,Male,B.E/B.Tech,CSE,7.93,97.59,Micron (EPS),9.1,8,8,Yes,7,5,6,7,7,5,6,7,8,3,6,5,7,7
236,Male,B.E/B.Tech,CSE,7.89,91.03,JP Morgan Chase,14,8,8,Yes,9,7,8,10,10,7,6,10,9,6,7,7,8,6
237,Male,B.E/B.Tech,CSE,8.06,93.5,Darwin Box (Internship),13,6,5,Yes,9,7,9,8,6,9,6,10,7,6,7,6,8,7
238,Female,B.E/B.Tech,CSE,7.71,95.78,Micron (EPS),9.1,5,7,No,7,6,6,7,8,10,6,7,8,5,7,6,6,7
239,Male,B.E/B.Tech,CSE,8.76,92.19,Micron (EPS),9.1,6,7,Yes,7,6,6,7,8,9,6,7,8,5,7,6,6,7
240,Male,B.E/B.Tech,CSE,7.23,97.5,Deloitte (Tax),7.6,6,5,No,6,7,8,6,5,6,6,6,5,4,6,5,5,6
241,Male,B.E/B.Tech,CSE,8.86,94.13,Care Allianz,11,10,5,Yes,8,5,8,6,9,6,7,7,8,4,8,6,7,5
242,Female,B.E/B.Tech,CSE,7.64,86.17,Darwin Box (Internship),13,9,8,No,8,5,10,9,8,10,7,9,7,6,8,6,7,8
243,Female,B.E/B.Tech,CSE,7.43,94.57,Care Allianz,11,5,4,Yes,7,8,7,8,7,7,6,9,7,4,6,6,7,7
244,Male,B.E/B.Tech,CSE,7.8,85.67,Mindtree,4,4,3,No,4,0,4,5,4,2,4,3,3,3,2,1,5,4
245,Female,B.E/B.Tech,CSE,9.17,90.28,Accenture (Adv ASE),6.5,5,3,No,6,5,5,3,4,5,6,5,4,4,5,6,4,6
246,Male,B.E/B.Tech,CSE,8.5,97.12,Collins Aerospace (Internship),6.25,6,6,No,6,6,5,5,3,4,4,7,5,3,5,3,6,6
247,Male,B.E/B.Tech,CSE,7.74,90.48,Micron (EPS),9.1,7,6,No,7,5,6,6,6,5,6,5,6,4,5,6,9,7
248,Male,B.E/B.Tech,CSE,7.38,92.15,Capgemini (Sr.Analyst),7.5,5,5,No,8,5,7,5,5,6,6,7,6,5,5,4,3,5
249,Female,B.E/B.Tech,CSE,7.52,91.8,Modak Analytics,6,10,8,No,6,4,6,4,4,5,4,6,5,4,5,5,5,6
250,Female,B.E/B.Tech,CSE,9.06,91.93,Accenture (ASE),4.5,7,2,No,4,5,4,2,4,3,4,4,4,2,0,2,5,3
251,Female,B.E/B.Tech,CSE,8.71,89.14,Micron (ETD),8.1,6,4,No,8,4,6,3,5,6,6,6,6,4,6,5,7,5
252,Male,B.E/B.Tech,CSE,7.69,96.52,Advance Auto Parts,9,7,5,Yes,6,7,8,7,7,6,6,7,6,2,6,7,7,8
253,Male,B.E/B.Tech,CSE,8.84,95.97,Care Allianz,11,6,6,Yes,9,6,6,5,7,6,7,8,7,3,6,6,7,7
254,Female,B.E/B.Tech,CSE,7.3,92.75,Micron (EPS),9.1,8,4,No,6,6,7,8,6,8,8,7,6,5,6,6,6,6
255,Male,B.E/B.Tech,CSE,9.17,95.06,Advance Auto Parts,9,8,5,Yes,8,7,9,4,7,6,5,6,8,4,6,7,6,7
256,Male,B.E/B.Tech,CSE,9.31,87.52,Barclays,12.75,9,5,No,10,8,6,10,6,6,5,7,10,7,6,7,7,6
257,Female,B.E/B.Tech,CSE,8.4,95.58,TCS,3.6,4,3,No,4,4,3,1,4,2,1,3,4,3,3,1,0,3
258,Female,B.E/B.Tech,CSE,9.24,87.31,HD Works,12,6,5,Yes,10,7,9,9,10,8,7,8,7,5,7,6,7,10
259,Male,B.E/B.Tech,CSE,8.29,86.71,PwC Acceleration Center,6,6,1,No,6,1,4,4,5,4,5,6,5,2,4,3,4,5
260,Female,B.E/B.Tech,CSE,8.63,88.76,LTI (Level 2),6.5,5,5,Yes,5,1,6,2,5,7,4,7,3,4,4,3,2,6
261,Male,B.E/B.Tech,CSE,8.95,88.25,PwC Acceleration Center,6,3,3,Yes,5,4,5,2,5,5,5,5,2,4,5,0,4,6
262,Female,B.E/B.Tech,CSE,8.05,91.83,Oracle (FSGBU),16.6,7,6,Yes,7,8,6,6,7,6,6,7,9,5,8,9,10,8
263,Male,B.E/B.Tech,CSE,8.36,95.46,Collins Aerospace (Internship),6.25,5,3,No,5,7,6,1,6,5,2,4,4,1,5,1,6,7
264,Female,B.E/B.Tech,CSE,9.05,93.94,Advance Auto Parts,9,7,5,Yes,9,6,7,5,7,8,8,8,7,4,6,7,7,6
265,Male,B.E/B.Tech,CSE,8.14,93.67,Advance Auto Parts,9,6,7,No,7,9,10,6,7,5,5,6,9,3,6,6,10,7
266,Female,B.E/B.Tech,CSE,8.83,90.91,JP Morgan Chase,14,8,10,Yes,10,6,8,5,7,7,6,6,6,7,8,7,7,10
267,Male,B.E/B.Tech,CSE,8.5,87.22,Mathworks,15.5,8,7,Yes,8,10,10,7,8,7,7,7,8,5,7,6,7,8
268,Male,B.E/B.Tech,CSE,8.04,87.71,JP Morgan Chase,14,8,9,Yes,9,7,8,6,6,7,8,10,6,7,8,6,7,6
269,Male,B.E/B.Tech,CSE,8.48,86.17,Oracle (GBU),16.6,6,8,No,9,8,7,6,10,8,7,9,10,6,8,6,9,7
270,Male,B.E/B.Tech,CSE,7.25,97.2,Mathworks,15.5,7,10,Yes,8,6,8,6,7,7,8,9,6,5,7,6,6,8
271,Male,B.E/B.Tech,CSE,7.93,92.79,Micron (EPS),9.1,10,7,Yes,9,5,7,6,6,6,6,7,8,6,7,6,6,7
272,Female,B.E/B.Tech,CSE,7.75,97.27,Advance Auto Parts,9,8,9,No,9,9,9,9,8,9,7,8,10,7,6,6,7,10
273,Male,B.E/B.Tech,CSE,7.64,87.9,Accenture (ASE),4.5,5,4,No,5,2,5,3,5,3,1,4,1,2,5,1,3,4
274,Male,B.E/B.Tech,CSE,8.03,86.21,Care Allianz,11,8,5,Yes,7,6,7,6,8,7,6,7,6,3,7,6,7,8
275,Female,B.E/B.Tech,CSE,9.36,90.94,Infosys (SE),4,2,2,No,5,3,5,2,3,4,1,3,4,3,3,2,2,3
276,Male,B.E/B.Tech,CSE,7.21,92.02,HD Works,12,7,3,Yes,9,6,8,7,7,10,6,10,9,5,7,6,6,7
277,Male,B.E/B.Tech,CSE,8.65,90.43,Barclays,12.75,7,8,Yes,8,6,10,7,7,9,9,8,7,7,7,6,8,8
278,Male,B.E/B.Tech,CSE,7.7,90.19,Micron (EPS),9.1,8,6,Yes,7,6,10,5,7,6,7,7,7,3,7,5,7,10
279,Female,B.E/B.Tech,CSE,9.39,93.85,Care Allianz,11,6,5,No,7,5,8,5,7,9,8,7,8,5,6,6,6,7
280,Male,B.E/B.Tech,CSE,8.12,91.62,JP Morgan Chase,14,8,6,Yes,8,5,7,10,9,7,9,8,7,5,7,8,9,8
281,Male,B.E/B.Tech,CSE,9.31,93.76,Wipro,3.6,1,4,No,4,1,5,3,3,3,3,5,3,4,0,3,0,4
282,Female,B.E/B.Tech,CSE,8.71,90.52,LTI (Level 1),5,3,5,No,4,4,5,6,5,6,3,5,6,2,4,5,4,5
283,Male,B.E/B.Tech,CSE,8.18,95.36,Micron (EPS),9.1,6,5,Yes,7,8,7,5,7,5,5,8,8,5,8,8,7,6
284,Female,B.E/B.Tech,CSE,8.03,96.6,Barclays,12.75,10,7,Yes,8,7,8,5,9,8,8,8,7,6,9,8,8,9
285,Female,B.E/B.Tech,CSE,8.1,93.62,Darwin Box (Internship),13,6,8,No,9,8,9,9,9,8,8,7,9,6,7,7,9,8
286,Female,B.E/B.Tech,CSE,8.67,90.28,Micron (ETD),8.1,7,7,No,7,5,7,6,6,6,5,7,4,4,6,5,6,4
287,Male,B.E/B.Tech,CSE,8.81,96.94,Oracle (GBU),16.6,9,6,Yes,10,7,9,8,8,6,7,8,7,5,8,7,9,10
288,Female,B.E/B.Tech,CSE,7.92,91.18,Care Allianz,11,7,7,Yes,8,10,9,0,5,8,4,7,9,2,5,6,0,3
289,Male,B.E/B.Tech,CSE,8.13,93.26,Micron (EPS),9.1,5,8,No,8,6,8,7,6,8,9,6,9,5,6,7,7,9
290,Male,B.E/B.Tech,CSE,8.36,91.33,Oracle (FSGBU),16.6,7,6,Yes,7,10,10,8,9,8,9,7,7,7,9,8,9,8
291,Female,B.E/B.Tech,CSE,7.79,90.71,Capgemini (Analyst),4,2,2,No,6,5,4,1,5,5,4,3,5,5,4,4,2,4
292,Male,B.E/B.Tech,CSE,7.74,94.67,Capgemini (Analyst),4,4,5,No,4,1,4,3,4,4,2,4,3,4,4,3,3,4
293,Female,B.E/B.Tech,CSE,8.05,91.92,Micron (EPS),9.1,6,5,No,7,8,8,8,8,7,8,6,6,4,7,5,8,7
294,Female,B.E/B.Tech,CSE,7.72,86.06,Cognizant GenC,5,3,4,Yes,5,4,4,5,5,4,4,3,5,3,3,0,5,5
295,Male,B.E/B.Tech,CSE,8.71,89.43,Infosys (SE),4,5,3,No,3,3,4,0,3,2,3,4,3,2,3,1,2,3
296,Male,B.E/B.Tech,CSE,7.98,96.75,Micron (EPS),9.1,10,4,No,8,7,6,7,6,5,6,8,7,8,8,6,7,6
297,Male,B.E/B.Tech,CSE,8.07,94.76,Accenture (Adv ASE),6.5,6,5,No,6,4,5,4,5,6,5,5,4,3,6,5,5,6
298,Male,B.E/B.Tech,CSE,8.66,86.83,Care Allianz,11,6,7,No,7,8,10,6,8,8,6,8,7,5,6,5,8,8
299,Female,B.E/B.Tech,CSE,7.41,88.77,Micron (EPS),9.1,10,8,Yes,9,8,6,6,6,7,8,7,6,4,7,6,6,6
300,Female,B.E/B.Tech,CSE,9.01,87.34,JP Morgan Chase,14,8,9,Yes,9,8,7,10,8,9,7,7,8,8,6,7,9,10
301,Male,B.E/B.Tech,CSE,9.3,91.37,Deloitte (Tax),7.6,8,5,Yes,5,3,9,3,3,8,3,6,2,6,3,5,5,5
302,Male,B.E/B.Tech,CSE,7.21,85.84,Care Allianz,11,6,2,No,4,1,5,10,8,9,5,9,8,3,8,3,6,3
303,Male,B.E/B.Tech,CSE,9.34,88.26,Mindtree,4,4,2,No,6,6,6,4,5,3,3,4,3,7,2,3,2,2
304,Female,B.E/B.Tech,CSE,8.4,93.27,Oracle (GBU),16.6,6,6,Yes,10,1,6,10,7,10,5,9,5,6,6,1,6,5
305,Male,B.E/B.Tech,CSE,7.47,88.75,Micron (EPS),9.1,6,7,Yes,10,8,5,0,9,10,8,3,7,5,8,5,2,3
306,Female,B.E/B.Tech,CSE,9.02,94.11,Micron (EPS),9.1,3,9,No,8,3,8,5,8,6,9,4,6,6,5,2,1,9
307,Male,B.E/B.Tech,CSE,7.99,85.34,PwC Acceleration Center,6,9,9,No,8,2,5,5,5,3,5,6,2,2,6,0,3,4
308,Female,B.E/B.Tech,CSE,7.27,92.18,Oracle (GBU),16.6,3,9,Yes,5,4,10,8,5,4,7,7,6,5,4,5,0,9
309,Male,B.E/B.Tech,CSE,7.97,96.6,Infosys (DSE),5,1,2,No,5,8,9,0,5,10,6,8,5,5,6,3,4,7
310,Female,B.E/B.Tech,CSE,7.54,85.83,Accenture (Adv ASE),6.5,0,3,Yes,7,10,10,0,6,7,1,4,8,5,5,0,2,5
311,Male,B.E/B.Tech,CSE,8.88,91.69,JP Morgan Chase,14,8,4,Yes,7,3,5,10,4,7,4,9,3,5,3,5,7,4
312,Male,B.E/B.Tech,CSE,7.88,93.82,Keka,7,4,2,Yes,9,3,6,5,3,10,3,3,8,0,0,2,8,2
313,Female,B.E/B.Tech,CSE,9.39,92.03,Micron (EPS),9.1,6,7,No,10,7,9,6,4,9,2,10,4,2,1,2,10,9
314,Male,B.E/B.Tech,CSE,9.2,94.32,Oracle (FSGBU),16.6,1,1,Yes,8,1,9,8,8,4,3,5,7,7,7,6,6,8
315,Female,B.E/B.Tech,CSE,7.48,95.19,Care Allianz,11,8,4,No,10,5,4,9,8,7,3,7,9,6,6,3,4,4
316,Female,B.E/B.Tech,CSE,7.96,96.24,TCS,3.6,2,7,Yes,7,0,5,0,2,6,7,9,6,0,1,1,2,3
317,Female,B.E/B.Tech,CSE,8.21,90.4,Oracle (GBU),16.6,10,10,Yes,8,5,5,7,8,2,7,10,6,3,8,0,2,2
318,Male,B.E/B.Tech,CSE,7.44,90.92,Micron (EPS),9.1,5,6,Yes,5,8,4,9,3,4,6,7,7,0,2,2,7,5
319,Female,B.E/B.Tech,CSE,7.93,91.6,Infosys (DSE),5,4,10,No,5,1,9,6,7,8,4,4,3,3,6,1,10,4
320,Male,B.E/B.Tech,CSE,9.22,89.06,Advance Auto Parts,9,8,2,No,9,10,6,9,8,4,7,4,5,1,0,1,10,9
321,Female,B.E/B.Tech,CSE,7.85,86.68,Advance Auto Parts,9,9,8,Yes,8,6,6,8,5,4,9,8,4,1,0,4,0,7
322,Male,B.E/B.Tech,CSE,8.57,86.34,Advance Auto Parts,9,0,9,No,8,0,9,7,3,7,9,6,10,6,5,6,2,9
323,Female,B.E/B.Tech,CSE,7.51,95.23,Accolite,8,4,6,No,4,2,10,8,8,8,3,4,9,2,1,1,5,9
324,Female,B.E/B.Tech,CSE,8.61,93.34,Mathworks,15.5,10,10,Yes,5,3,5,10,6,6,3,6,10,0,0,4,3,9
325,Female,B.E/B.Tech,CSE,8.64,97.46,Oracle (GBU),16.6,8,6,Yes,6,9,8,6,8,3,6,5,10,8,1,1,3,4
326,Female,B.E/B.Tech,CSE,9.06,92.12,Care Allianz,11,9,9,Yes,7,10,5,1,3,5,1,4,8,2,1,6,8,4
327,Male,B.E/B.Tech,CSE,7.48,96.64,Micron (ETD),8.1,5,7,No,8,9,10,0,8,6,2,7,3,5,4,4,4,2
328,Female,B.E/B.Tech,CSE,7.39,89.02,Advance Auto Parts,9,10,3,Yes,4,5,7,0,7,2,9,9,1,7,3,4,8,5
329,Male,B.E/B.Tech,CSE,7.38,94.81,Collins Aerospace (Internship),6.25,2,8,No,9,4,5,1,5,10,3,7,5,7,6,6,0,7
330,Male,B.E/B.Tech,CSE,8.68,86.46,Oracle (FSGBU),16.6,0,5,Yes,7,10,9,6,6,3,6,8,6,5,6,5,8,4
331,Male,B.E/B.Tech,CSE,9.05,95.51,LTI (Level 2),6.5,0,5,Yes,7,6,6,10,4,8,1,3,2,2,8,3,6,4
332,Female,B.E/B.Tech,CSE,8.7,95.06,Advance Auto Parts,9,7,2,Yes,4,3,10,0,7,8,5,6,8,0,5,1,8,8
333,Female,B.E/B.Tech,CSE,7.26,94.58,Advance Auto Parts,9,5,0,Yes,9,5,8,10,3,2,8,3,8,8,7,0,7,2
334,Male,B.E/B.Tech,CSE,7.96,88.75,Care Allianz,11,4,10,No,4,6,8,7,4,3,3,5,9,6,1,5,8,8
335,Male,B.E/B.Tech,CSE,8.65,93.24,Advance Auto Parts,9,2,4,Yes,7,10,7,9,6,3,1,3,9,8,0,3,0,9
336,Female,B.E/B.Tech,CSE,8.46,87.01,Darwin Box (Internship),13,0,6,No,9,4,7,2,4,5,9,9,8,6,6,6,9,10
337,Female,B.E/B.Tech,CSE,8.19,86.48,Advance Auto Parts,9,4,5,Yes,6,1,5,5,3,9,4,5,3,6,5,4,10,9
338,Male,B.E/B.Tech,CSE,8.06,92.47,Mathworks,15.5,5,5,Yes,10,2,4,1,8,4,8,9,9,0,2,3,10,10
339,Female,B.E/B.Tech,CSE,8.91,89.2,TCS,3.6,2,6,No,4,2,8,6,5,2,5,4,5,3,4,0,5,2
340,Male,B.E/B.Tech,CSE,9.17,89.82,TCS,3.6,1,6,No,6,1,9,3,8,6,8,3,4,0,0,2,2,6
341,Female,B.E/B.Tech,CSE,7.47,88.43,Accenture (ASE),4.5,6,8,No,5,3,6,6,4,2,3,8,3,1,5,6,3,7
342,Female,B.E/B.Tech,CSE,8.84,89.56,Care Allianz,11,0,8,Yes,9,5,10,1,2,2,4,7,7,4,0,4,7,9
343,Female,B.E/B.Tech,CSE,9.05,87.43,Accenture (Adv ASE),6.5,4,2,Yes,9,7,4,7,6,7,6,6,3,0,8,0,0,3
344,Male,B.E/B.Tech,CSE,8.86,90.62,Mathworks,15.5,10,0,No,10,1,7,9,9,7,7,5,5,3,7,6,9,8
345,Female,B.E/B.Tech,CSE,7.28,89.34,HD Works,12,0,9,No,4,8,8,4,5,7,3,9,10,7,6,6,10,9
346,Male,B.E/B.Tech,CSE,7.49,96.46,Modak Analytics,6,2,0,No,9,10,7,5,8,8,5,6,2,0,8,0,8,3
347,Male,B.E/B.Tech,CSE,8.47,89.06,Care Allianz,11,6,0,No,9,10,10,1,10,5,6,6,9,0,6,2,6,3
348,Female,B.E/B.Tech,CSE,8.36,85.79,Micron (ETD),8.1,6,1,Yes,8,1,6,1,5,6,3,10,4,0,2,6,2,9
349,Female,B.E/B.Tech,CSE,9.24,92.44,Micron (EPS),9.1,2,7,Yes,4,2,6,9,4,7,4,8,7,0,3,6,8,3
350,Male,B.E/B.Tech,CSE,7.3,92.01,Advance Auto Parts,9,5,5,Yes,8,5,5,9,4,9,5,4,1,2,2,6,7,8
351,Male,B.E/B.Tech,CSE,8.72,91.05,Oracle (GBU),16.6,9,9,Yes,8,7,6,1,9,4,4,3,4,2,8,1,6,9
352,Male,B.E/B.Tech,CSE,9.17,90.04,Capgemini (Sr.Analyst),7.5,8,3,Yes,8,0,6,4,7,7,4,4,1,7,6,6,0,3
353,Male,B.E/B.Tech,CSE,7.92,91.08,Modak Analytics,6,6,2,Yes,7,3,7,5,3,4,3,5,10,0,4,4,1,6
354,Male,B.E/B.Tech,CSE,9.32,89.43,JP Morgan Chase,14,1,10,Yes,8,0,6,7,10,3,5,9,8,7,6,0,5,9
355,Female,B.E/B.Tech,CSE,8.47,86.53,Micron (EPS),9.1,5,8,Yes,5,9,5,5,3,9,7,10,1,1,4,0,4,9
356,Female,B.E/B.Tech,CSE,7.63,91.96,LTI (Level 1),5,5,4,No,6,2,7,3,2,2,5,7,10,0,8,6,9,4
357,Female,B.E/B.Tech,CSE,7.63,92.35,Micron (EPS),9.1,9,7,Yes,10,6,4,0,5,9,8,5,7,4,0,0,0,6
358,Female,B.E/B.Tech,CSE,7.89,87.49,Cognizant GenC,5,2,10,No,7,5,10,5,2,8,4,8,1,5,0,1,4,10
359,Female,B.E/B.Tech,CSE,8.87,88.26,Advance Auto Parts,9,8,5,No,4,9,6,2,8,7,2,3,10,7,8,2,5,9
360,Female,B.E/B.Tech,CSE,8.32,90.63,TCS,3.6,5,2,No,8,2,10,2,3,3,4,4,4,1,5,2,10,9
361,Male,B.E/B.Tech,CSE,8.42,92.1,Capgemini (Sr.Analyst),7.5,1,10,No,9,10,7,4,6,5,7,9,9,0,0,0,2,6
362,Male,B.E/B.Tech,CSE,7.39,94.47,Care Allianz,11,0,6,No,8,8,9,10,4,6,4,9,8,1,5,1,10,3
363,Female,B.E/B.Tech,CSE,7.85,85.79,Cognizant GenC,5,0,5,No,7,8,7,4,10,7,3,7,1,2,5,5,10,4
364,Female,B.E/B.Tech,CSE,7.28,96.7,Micron (EPS),9.1,2,8,Yes,4,8,5,10,7,7,2,5,2,4,2,6,5,10
365,Male,B.E/B.Tech,CSE,8.84,90.58,Barclays,12.75,10,9,Yes,5,2,6,7,6,3,3,7,8,5,6,3,0,8
366,Female,B.E/B.Tech,CSE,8.61,96.48,Capgemini (Analyst),4,2,10,No,6,6,6,1,7,2,8,8,6,0,1,0,6,5
367,Female,B.E/B.Tech,CSE,8.88,91.42,JP Morgan Chase,14,8,9,Yes,5,3,7,10,5,8,7,3,4,3,2,5,8,4
368,Female,B.E/B.Tech,CSE,9.21,96.6,Care Allianz,11,10,6,No,9,1,10,6,8,10,3,7,5,3,3,3,2,5
369,Female,B.E/B.Tech,CSE,8.89,96.52,Deloitte (Tax),7.6,10,0,No,4,2,6,1,9,7,9,3,8,8,5,1,1,4
370,Female,B.E/B.Tech,CSE,8.73,95.94,Wipro,3.6,3,5,No,4,3,6,0,3,3,4,10,2,2,8,2,7,7
371,Male,B.E/B.Tech,CSE,8.56,91.56,Capgemini (Sr.Analyst),7.5,8,8,Yes,6,1,10,6,2,2,9,7,1,8,2,3,0,2
372,Male,B.E/B.Tech,CSE,8.44,89.88,Micron (EPS),9.1,1,9,Yes,4,7,6,5,5,2,9,6,5,6,5,1,0,10
373,Female,B.E/B.Tech,CSE,7.56,85.63,PwC Acceleration Center,6,9,4,No,8,10,7,4,9,5,1,4,3,1,4,6,8,3
374,Female,B.E/B.Tech,CSE,9.14,93.13,Darwin Box (Internship),13,8,6,Yes,10,8,9,8,8,3,1,6,2,7,5,0,8,8
375,Male,B.E/B.Tech,CSE,8.2,94.47,Mathworks,15.5,5,10,Yes,6,5,8,7,5,10,7,3,8,1,7,5,9,8
376,Female,B.E/B.Tech,CSE,7.99,91.88,JP Morgan Chase,14,0,7,Yes,7,5,8,8,8,4,8,6,6,4,8,5,5,7
377,Male,B.E/B.Tech,CSE,7.97,91.1,Micron (EPS),9.1,9,8,Yes,8,9,5,0,6,8,4,3,5,2,1,1,1,9
378,Male,B.E/B.Tech,CSE,8.91,88.96,Oracle (FSGBU),16.6,9,9,Yes,6,6,9,5,8,6,9,9,8,0,0,6,9,4
379,Male,B.E/B.Tech,CSE,8.17,92.27,Infosys (SE),4,4,3,No,5,2,4,4,2,6,3,5,3,5,6,0,8,5
380,Male,B.E/B.Tech,CSE,8.39,85.26,Modak Analytics,6,9,0,No,4,8,7,5,2,10,7,3,8,1,0,3,9,8
381,Male,B.E/B.Tech,CSE,8.66,92.55,Micron (EPS),9.1,6,6,No,10,10,10,0,8,5,7,6,1,5,0,2,8,4
382,Male,B.E/B.Tech,CSE,8.24,91.1,Oracle (GBU),16.6,9,2,Yes,10,9,6,4,6,6,9,5,10,5,3,5,0,6
383,Female,B.E/B.Tech,CSE,7.4,87.46,Infosys (SE),4,2,9,No,6,0,6,1,9,5,1,3,1,3,3,6,3,6
384,Male,B.E/B.Tech,CSE,8.69,93.75,Care Allianz,11,4,8,No,5,8,5,2,8,3,1,10,8,2,7,5,10,7
385,Male,B.E/B.Tech,CSE,7.47,85.54,Cognizant GenC,5,9,4,No,9,8,7,0,10,9,6,3,2,2,8,1,0,8
386,Male,B.E/B.Tech,CSE,8.63,97.05,Mathworks,15.5,10,4,Yes,9,9,7,4,9,8,7,4,5,8,5,3,5,10
387,Female,B.E/B.Tech,CSE,8.98,92.36,HD Works,12,1,2,Yes,6,1,6,5,7,7,9,5,3,7,8,1,10,9
388,Male,B.E/B.Tech,CSE,8.5,86.42,Advance Auto Parts,9,10,2,No,7,6,10,10,4,5,6,8,10,2,1,3,6,2
389,Male,B.E/B.Tech,CSE,8.43,94.81,Accolite,8,5,0,No,4,2,7,5,7,8,7,7,7,4,7,4,4,6
390,Male,B.E/B.Tech,CSE,8.39,91.6,Barclays,12.75,6,10,Yes,5,8,8,7,6,5,1,7,10,1,0,4,3,8
391,Male,B.E/B.Tech,CSE,7.35,86.48,Cognizant GenC,5,1,10,Yes,4,6,4,2,7,8,8,8,2,5,0,0,0,3
392,Male,B.E/B.Tech,CSE,7.85,85.65,Capgemini (Sr.Analyst),7.5,10,4,Yes,5,2,8,9,8,8,6,3,1,2,1,5,0,5
393,Female,B.E/B.Tech,CSE,9.36,91.2,Micron (EPS),9.1,6,8,Yes,4,9,4,2,2,4,5,7,5,6,6,1,5,8
394,Male,B.E/B.Tech,CSE,7.54,94.6,Care Allianz,11,8,7,No,4,0,6,2,5,10,5,5,9,8,4,6,9,3
395,Male,B.E/B.Tech,CSE,8.3,92.61,Micron (ETD),8.1,10,3,No,6,6,9,5,10,7,2,7,3,2,1,0,10,4
396,Male,B.E/B.Tech,CSE,7.76,87.24,Care Allianz,11,7,7,Yes,5,4,4,7,6,9,2,4,1,8,7,1,9,6
397,Male,B.E/B.Tech,CSE,8.88,94.33,HD Works,12,4,8,Yes,9,5,10,6,8,10,2,7,4,3,7,6,4,6
398,Female,B.E/B.Tech,CSE,7.69,92.48,PwC Acceleration Center,6,9,4,No,5,9,5,6,5,4,5,4,2,6,1,5,7,10
399,Female,B.E/B.Tech,CSE,7.84,86.73,Accenture (Adv ASE),6.5,6,4,No,5,3,9,2,10,8,5,7,8,4,1,4,3,6
400,Male,B.E/B.Tech,CSE,8.7,86.58,Keka,7,3,6,No,6,1,4,9,2,7,1,7,8,2,3,6,5,10
401,Male,B.E/B.Tech,CSE,7.85,87.58,Advance Auto Parts,9,1,9,Yes,8,4,7,5,5,3,7,4,7,3,5,1,0,10
402,Female,B.E/B.Tech,CSE,9.05,89.13,Mathworks,15.5,4,5,Yes,9,2,9,8,2,5,7,6,9,8,2,4,3,3
403,Male,B.E/B.Tech,CSE,8.9,93.85,Oracle (GBU),16.6,10,8,Yes,10,5,5,2,9,7,1,8,10,7,0,6,5,6
404,Female,B.E/B.Tech,CSE,8.02,87.73,LTI (Level 1),5,6,4,No,5,10,9,0,7,2,2,7,4,7,6,6,2,7
405,Female,B.E/B.Tech,CSE,7.28,97.24,TCS,3.6,1,6,No,8,2,7,2,7,3,2,8,8,1,7,3,2,10
406,Female,B.E/B.Tech,CSE,8.44,96.66,Micron (EPS),9.1,0,3,Yes,8,5,5,4,2,7,6,9,7,7,5,1,8,6
407,Male,B.E/B.Tech,CSE,7.36,89.56,Care Allianz,11,1,10,No,9,4,7,6,4,7,4,5,8,5,7,4,8,5
408,Female,B.E/B.Tech,CSE,8.17,93.16,Barclays,12.75,10,10,No,9,8,8,8,7,2,8,3,10,8,8,4,3,10
409,Female,B.E/B.Tech,CSE,7.59,86.88,Mathworks,15.5,9,7,No,4,10,8,3,9,4,9,9,10,5,5,6,2,3
410,Male,B.E/B.Tech,CSE,7.61,90.23,Mathworks,15.5,6,4,Yes,8,5,7,3,10,6,7,9,5,8,5,2,6,5
411,Female,B.E/B.Tech,CSE,8.41,85.27,Barclays,12.75,3,5,Yes,8,7,4,6,10,4,4,4,7,2,2,5,10,10
412,Female,B.E/B.Tech,CSE,7.35,96.6,Cognizant GenC,5,6,1,No,6,6,9,10,7,7,1,9,5,0,1,1,9,9
413,Male,B.E/B.Tech,CSE,9.32,92.11,Care Allianz,11,3,7,Yes,9,2,5,5,3,5,1,5,4,4,6,5,6,8
414,Female,B.E/B.Tech,CSE,9.23,92.27,Barclays,12.75,3,10,Yes,7,9,10,9,3,3,8,8,3,6,5,2,5,5
415,Male,B.E/B.Tech,CSE,8.75,94.17,Mindtree,4,1,7,No,4,1,7,9,8,6,1,4,6,1,0,0,4,10
416,Female,B.E/B.Tech,CSE,8.2,95.76,Micron (EPS),9.1,0,10,Yes,7,7,4,7,10,2,1,6,7,3,1,3,7,8
417,Male,B.E/B.Tech,CSE,8.53,91.86,Accenture (Adv ASE),6.5,0,10,No,5,4,9,6,3,4,5,10,4,2,2,3,8,7
418,Male,B.E/B.Tech,CSE,8.65,96.05,Oracle (GBU),16.6,7,7,Yes,7,5,5,3,9,8,5,7,9,3,5,3,2,6
419,Female,B.E/B.Tech,CSE,7.91,89.16,Micron (EPS),9.1,9,6,No,10,1,4,9,3,2,8,5,9,8,2,2,5,8
420,Male,B.E/B.Tech,CSE,7.36,92.27,Micron (ETD),8.1,8,4,No,4,4,7,7,3,4,1,7,8,0,6,5,10,6
421,Female,B.E/B.Tech,CSE,8.74,92.35,Modak Analytics,6,2,2,No,9,8,4,5,10,6,3,5,7,5,7,5,3,3
422,Male,B.E/B.Tech,CSE,7.32,92.37,Oracle (FSGBU),16.6,7,7,Yes,7,5,8,8,2,8,8,10,5,0,7,1,2,10
423,Female,B.E/B.Tech,CSE,8.73,88.28,Darwin Box (Internship),13,8,5,Yes,10,2,5,1,6,10,8,6,8,4,3,4,5,3
424,Female,B.E/B.Tech,CSE,8.65,92.77,Oracle (GBU),16.6,4,6,Yes,9,1,5,8,6,10,9,6,2,7,2,6,3,7
425,Female,B.E/B.Tech,CSE,8.36,96.46,Darwin Box (Internship),13,3,9,Yes,9,4,10,9,9,10,4,3,5,2,6,5,6,8
426,Male,B.E/B.Tech,CSE,8.77,95.35,Care Allianz,11,10,8,Yes,10,2,10,0,3,5,2,3,6,0,5,5,9,5
427,Female,B.E/B.Tech,CSE,7.4,88.54,Micron (EPS),9.1,1,5,No,7,0,5,9,5,6,6,8,10,5,8,5,2,7
428,Male,B.E/B.Tech,CSE,9.22,96.33,Oracle (FSGBU),16.6,0,5,Yes,9,6,10,8,4,6,8,4,8,3,5,2,1,8
429,Female,B.E/B.Tech,CSE,7.9,95.23,Micron (EPS),9.1,3,7,Yes,4,7,6,0,9,7,2,9,5,0,0,6,9,7
430,Male,B.E/B.Tech,CSE,7.41,91.77,Advance Auto Parts,9,9,0,Yes,7,2,7,10,4,4,6,9,7,0,5,5,2,9
431,Female,B.E/B.Tech,CSE,9.08,88.31,Barclays,12.75,4,3,Yes,7,3,6,10,9,8,9,10,10,3,4,6,8,3
432,Male,B.E/B.Tech,CSE,7.68,92.94,Micron (EPS),9.1,3,8,No,9,7,5,7,10,10,1,10,9,1,0,2,5,7
433,Male,B.E/B.Tech,CSE,9.16,88.21,Advance Auto Parts,9,6,8,No,10,9,7,10,2,2,9,7,7,4,6,2,1,2
434,Female,B.E/B.Tech,CSE,7.27,91.91,Infosys (DSE),5,10,0,Yes,8,3,6,3,2,9,3,6,5,4,1,4,0,5
435,Female,B.E/B.Tech,CSE,8.08,93.02,Micron (EPS),9.1,8,0,Yes,7,7,7,2,2,2,4,10,4,7,7,4,7,8
436,Male,B.E/B.Tech,CSE,8.17,86.72,HD Works,12,7,10,Yes,8,5,9,9,2,8,8,6,10,1,7,4,6,8
437,Female,B.E/B.Tech,CSE,7.9,95.09,HD Works,12,10,5,No,6,6,9,9,7,9,6,8,9,5,1,4,7,10
438,Female,B.E/B.Tech,CSE,9.31,94.79,Advance Auto Parts,9,3,7,No,10,5,7,1,4,10,6,9,6,7,0,3,4,6
439,Male,B.E/B.Tech,CSE,9.16,95.28,HD Works,12,4,5,Yes,7,7,6,8,8,9,1,9,2,6,0,4,9,5
440,Female,B.E/B.Tech,CSE,7.82,92.98,Micron (EPS),9.1,4,4,Yes,7,8,8,4,2,10,1,7,3,8,7,4,4,3
441,Female,B.E/B.Tech,CSE,8.34,96,Cognizant GenC,5,2,1,Yes,5,7,8,2,4,3,6,9,6,3,0,0,7,3
442,Female,B.E/B.Tech,CSE,7.56,86.95,Wipro,3.6,0,8,No,6,4,7,6,8,8,6,4,1,2,6,5,4,2
443,Male,B.E/B.Tech,CSE,8.74,90.6,LTI (Level 2),6.5,5,0,No,9,1,7,9,8,5,8,3,8,2,4,0,6,3
444,Male,B.E/B.Tech,CSE,7.9,92.65,JP Morgan Chase,14,8,7,No,9,5,6,10,6,4,7,10,9,6,6,6,2,4
445,Male,B.E/B.Tech,CSE,7.7,89.98,LTI (Level 2),6.5,4,9,No,6,2,9,0,9,10,2,6,10,0,2,2,3,4
446,Male,B.E/B.Tech,CSE,7.47,90.43,Cognizant GenC,5,3,0,No,10,4,9,2,10,4,2,4,7,6,4,1,3,3
447,Male,B.E/B.Tech,CSE,7.62,95.95,Capgemini (Sr.Analyst),7.5,1,7,No,5,5,9,7,2,8,2,10,2,2,4,5,5,4
448,Male,B.E/B.Tech,CSE,8.3,97.46,Modak Analytics,6,1,9,Yes,9,0,6,0,4,2,2,7,1,8,4,3,9,5
449,Female,B.E/B.Tech,CSE,8.45,94.93,Infosys (SE),4,3,5,No,7,1,4,5,2,4,7,7,5,4,8,3,3,7
450,Female,B.E/B.Tech,CSE,8.35,94.88,Advance Auto Parts,9,3,10,Yes,6,4,4,8,4,7,4,10,2,8,2,3,4,5
451,Female,B.E/B.Tech,CSE,8.81,91.65,Keka,7,9,6,No,5,5,6,0,8,3,4,3,10,0,5,1,8,7
452,Male,B.E/B.Tech,CSE,8.1,92.75,HD Works,12,8,9,Yes,9,1,10,0,8,5,3,7,7,7,5,1,7,10
453,Female,B.E/B.Tech,CSE,7.61,96.23,LTI (Level 2),6.5,10,0,No,10,6,5,6,5,7,8,4,4,2,3,4,9,3
454,Male,B.E/B.Tech,CSE,7.79,86.91,Micron (ETD),8.1,6,6,No,9,7,7,1,6,6,1,10,10,0,0,0,5,10
455,Male,B.E/B.Tech,CSE,9.21,89.63,Micron (EPS),9.1,9,0,No,7,1,5,6,4,9,7,6,5,8,4,5,7,5
456,Male,B.E/B.Tech,CSE,8.61,87.37,JP Morgan Chase,14,10,7,No,8,1,10,4,2,7,4,9,5,8,3,1,9,10
457,Female,B.E/B.Tech,CSE,8.66,96.35,Care Allianz,11,5,3,Yes,7,2,8,9,2,9,4,6,9,6,3,0,6,7
458,Male,B.E/B.Tech,CSE,8.1,95.66,Advance Auto Parts,9,0,8,Yes,8,4,6,9,9,8,1,6,3,7,1,1,6,7
459,Male,B.E/B.Tech,CSE,7.64,96.31,Advance Auto Parts,9,4,2,No,10,5,9,6,5,2,9,10,6,4,7,5,0,5
460,Male,B.E/B.Tech,CSE,8.25,96.23,Micron (EPS),9.1,3,5,Yes,5,0,4,8,3,3,6,10,7,7,8,1,0,10
461,Female,B.E/B.Tech,CSE,7.43,91.17,Advance Auto Parts,9,9,0,Yes,8,3,9,0,10,2,7,9,3,3,3,0,7,8
462,Male,B.E/B.Tech,CSE,9.32,97.6,Oracle (FSGBU),16.6,5,0,No,8,9,6,7,7,6,9,9,1,6,4,3,8,10
463,Female,B.E/B.Tech,CSE,9.04,85.15,Modak Analytics,6,5,9,No,5,7,7,6,6,6,4,5,3,5,6,0,3,7
464,Male,B.E/B.Tech,CSE,7.43,95.8,Care Allianz,11,5,3,Yes,4,7,9,7,6,5,4,6,4,0,5,5,6,8
465,Female,B.E/B.Tech,CSE,7.84,89.28,Cognizant GenC,5,10,6,No,6,2,8,5,5,7,6,8,4,2,0,4,0,4
466,Female,B.E/B.Tech,CSE,9.28,91.27,Deloitte (Tax),7.6,5,0,No,5,1,4,6,10,2,8,6,6,4,8,3,5,9
467,Female,B.E/B.Tech,CSE,8.51,87.2,JP Morgan Chase,14,10,6,No,9,4,9,6,6,5,2,5,7,7,7,6,8,7
468,Male,B.E/B.Tech,CSE,8.96,95.03,Deloitte (Tax),7.6,1,8,No,4,4,6,2,8,3,7,9,6,3,1,5,8,8
469,Female,B.E/B.Tech,CSE,7.64,88.43,Advance Auto Parts,9,10,4,No,7,3,8,2,9,5,3,10,5,6,6,6,2,5
470,Male,B.E/B.Tech,CSE,8.56,87.63,Advance Auto Parts,9,4,5,No,4,1,8,6,8,10,5,4,9,7,5,5,4,9
471,Female,B.E/B.Tech,CSE,8.47,93.57,Cognizant GenC,5,6,2,Yes,7,3,6,3,7,4,5,9,7,5,1,4,4,2
472,Female,B.E/B.Tech,CSE,8.57,92.33,Deloitte (Tax),7.6,5,9,No,4,4,10,2,7,2,2,7,3,0,8,6,3,7
473,Male,B.E/B.Tech,CSE,8.3,95.92,Accolite,8,0,5,No,9,3,10,9,9,6,3,6,4,0,5,3,4,4
474,Male,B.E/B.Tech,CSE,7.82,92.65,TCS,3.6,8,0,Yes,4,0,10,3,4,4,1,5,7,4,0,1,2,6
475,Female,B.E/B.Tech,CSE,8.63,91.17,Keka,7,2,5,Yes,9,4,8,4,3,7,3,9,2,0,4,5,4,3
476,Male,B.E/B.Tech,CSE,7.26,91.22,Oracle (FSGBU),16.6,3,8,No,4,4,10,9,10,10,9,5,4,7,3,4,9,7
477,Male,B.E/B.Tech,CSE,8.8,91.92,Micron (EPS),9.1,6,4,Yes,10,10,10,1,6,4,2,5,2,8,5,5,4,3
478,Male,B.E/B.Tech,CSE,8.96,89.02,HD Works,12,5,10,Yes,5,5,9,6,4,9,3,3,8,3,8,2,3,4
479,Male,B.E/B.Tech,CSE,7.27,88.01,Care Allianz,11,5,5,Yes,6,8,6,2,4,9,7,9,4,3,5,2,1,8
480,Female,B.E/B.Tech,CSE,7.69,97.32,Micron (EPS),9.1,0,5,No,5,7,9,9,8,2,8,5,10,1,1,5,9,7
481,Female,B.E/B.Tech,CSE,7.62,96.24,PwC Acceleration Center,6,9,6,No,4,8,10,4,2,2,6,8,10,0,7,2,0,7
482,Female,B.E/B.Tech,CSE,8.62,91.68,Accenture (Adv ASE),6.5,6,4,Yes,4,5,7,9,3,2,2,5,4,5,4,6,6,3
483,Male,B.E/B.Tech,CSE,7.47,91.99,Capgemini (Analyst),4,1,0,No,9,2,6,4,7,4,6,10,1,0,1,1,8,10
484,Female,B.E/B.Tech,CSE,8.63,87.54,Infosys (SE),4,10,4,No,5,0,6,4,9,6,3,5,4,5,0,3,6,2
485,Female,B.E/B.Tech,CSE,9.27,85.32,Advance Auto Parts,9,6,0,No,6,9,4,8,3,6,8,10,3,5,5,2,5,6
486,Male,B.E/B.Tech,CSE,8.8,96.17,Barclays,12.75,7,5,Yes,4,10,8,10,10,10,6,3,8,4,7,6,5,7
487,Female,B.E/B.Tech,CSE,9.38,94.41,Barclays,12.75,5,8,Yes,5,4,9,5,8,6,9,3,6,1,5,4,3,7
488,Female,B.E/B.Tech,CSE,7.92,85.58,Micron (EPS),9.1,0,0,Yes,6,4,6,8,5,4,4,5,6,6,8,0,6,10
489,Male,B.E/B.Tech,CSE,8.27,90.52,Micron (EPS),9.1,0,6,Yes,8,9,10,5,4,6,8,5,4,3,0,2,10,5
490,Female,B.E/B.Tech,CSE,8.08,92.57,Micron (EPS),9.1,2,8,No,4,10,7,1,7,7,8,10,8,1,4,5,1,9
491,Male,B.E/B.Tech,CSE,9.16,96.31,Collins Aerospace (Internship),6.25,10,6,Yes,5,7,5,0,2,3,2,10,8,2,4,2,3,3
492,Female,B.E/B.Tech,CSE,9.03,93.58,Micron (EPS),9.1,3,2,No,7,7,4,8,9,2,4,10,5,2,7,4,5,10
493,Male,B.E/B.Tech,CSE,7.47,89.02,HD Works,12,2,10,No,4,5,4,10,10,4,3,8,8,5,3,4,10,9
494,Male,B.E/B.Tech,CSE,8.28,87.91,Advance Auto Parts,9,1,10,Yes,9,3,4,6,6,3,5,10,2,7,1,0,10,6
495,Male,B.E/B.Tech,CSE,7.41,90.51,Advance Auto Parts,9,1,5,Yes,4,0,9,6,7,3,3,10,4,0,3,5,9,10
496,Female,B.E/B.Tech,CSE,8.3,86.23,Micron (EPS),9.1,10,3,Yes,4,7,4,2,6,3,5,10,7,3,0,0,7,8
497,Female,B.E/B.Tech,CSE,8.64,97.02,Darwin Box (Internship),13,1,7,Yes,9,9,5,9,9,7,1,6,7,8,6,5,8,7
498,Female,B.E/B.Tech,CSE,8.89,96.11,Capgemini (Sr.Analyst),7.5,0,10,No,8,4,5,6,9,3,4,10,8,1,5,4,3,2
499,Male,B.E/B.Tech,CSE,7.79,93.72,Micron (EPS),9.1,9,7,No,5,10,9,5,8,4,2,10,2,4,5,0,8,4
500,Male,B.E/B.Tech,CSE,9.1,85.11,Oracle (FSGBU),16.6,5,9,Yes,6,8,8,0,9,7,6,10,2,8,6,3,6,4
501,Male,B.E/B.Tech,CSE,8.17,93.55,Capgemini (Analyst),4,10,0,No,6,1,4,1,6,5,8,6,5,5,8,1,0,3
